{
  "project_info": {
    "project_number": "324504488671",
    "project_id": "vet-app-firebase",
    "storage_bucket": "vet-app-firebase.appspot.com"
  },
  "client": [
    {
      "client_info": {
        "mobilesdk_app_id": "1:324504488671:android:cf2c8a2cfe52229c30776a",
        "android_client_info": {
          "package_name": "com.example.vetapp"
        }
      },
      "oauth_client": [],
      "api_key": [
        {
          "current_key": "AIzaSyBktB-ixZOwXJFG0TSQTFrJUlSs0Ynj5BY"
        }
      ],
      "services": {
        "appinvite_service": {
          "other_platform_oauth_client": []
        }
      }
    }
  ],
  "configuration_version": "1"
}